{
  "mae": 0.3880494894394505,
  "rmse": 8.831652883602212,
  "mae_naive": 1.4133441822620016,
  "rmse_naive": 13.103877755393343,
  "delta_mae": 1.025294692822551,
  "delta_rmse": 4.272224871791131,
  "n_eval_rows": 47324,
  "n_naive_rows": 25809
}