{
  "mae": 0.3880494894394505,
  "rmse": 8.831652883602212,
  "mae_naive": 1.413344144821167,
  "rmse_naive": 13.103877627890103,
  "delta_mae": 1.0252946553817166,
  "delta_rmse": 4.272224744287891,
  "n_eval_rows": 47324,
  "n_naive_rows": 25809
}