{
  "mae": 0.3044321529465564,
  "rmse": 9.609575978442848,
  "mae_naive": 1.413344144821167,
  "rmse_naive": 13.103877627890103,
  "delta_mae": 1.1089119918746106,
  "delta_rmse": 3.494301649447255,
  "n_eval_rows": 47324,
  "n_naive_rows": 25809
}